<?xml version="1.0" encoding="UTF-8"?>
<plugin>
  <name>UserSpice Wiki</name>
  <author>Gert Kok - "Big G"</author>
  <website>https://github.com/biggaero</website>
  
  <!-- the version of the plugin itself -->
  <version>0.1.6</version>
  
  <!-- release date of THIS version -->
  <release>September 15, 2025</release>
  
  <!-- the last version of UserSpice you tested the plugin with -->
  <tested>5.9.6</tested>
  
  <!-- you can specify your icon in the userspice menu, but note wider icons look weird -->
  <fa_icon>fa fa-book</fa_icon>
  
  <!-- What does your plugin do? -->
  <description>A comprehensive wiki knowledge base system with hierarchical organization, markdown support, and full-text search capabilities.</description>
  
  <!-- This is the launch button in the plugin manager. If it is blank or missing, Configure Plugin will show up. -->
  <button>Wiki</button>
</plugin>